{
    "loss": 0.584169328212738,
    "accuracy": 0.9137930870056152
}