{
    "loss": 0.7158233523368835,
    "accuracy": 0.931034505367279
}